VideoPath,Report,DVD,VideoName,EventId,FrameTime,AbsoluteFrameNumber,RelativeFrameNumber,Tags,FramePath
FAmls16-119_OK/VTS_02_1,FAmls16-119_OK,,VTS_02_1,1,,,1,limpo-cruz,..\datasets\all_datasets\dataset_registro_de_eventos\FAmls16-119_OK\VTS_02_1\Tubo_Limpo\VTS_02_1 ID1 FRAME1 cruz.jpg
FAmls16-119_OK/VTS_02_1,FAmls16-119_OK,,VTS_02_1,2,,,32,limpo-trin,..\datasets\all_datasets\dataset_registro_de_eventos\FAmls16-119_OK\VTS_02_1\Tubo_Limpo\VTS_02_1 ID2 FRAME32 trin.jpg
FAmls16-119_OK/VTS_02_1,FAmls16-119_OK,,VTS_02_1,3,,,176,limpo-asso,..\datasets\all_datasets\dataset_registro_de_eventos\FAmls16-119_OK\VTS_02_1\Tubo_Limpo\VTS_02_1 ID3 FRAME176 asso.jpg
FAmls16-119_OK/VTS_02_1,FAmls16-119_OK,,VTS_02_1,3,,,86,limpo-asso,..\datasets\all_datasets\dataset_registro_de_eventos\FAmls16-119_OK\VTS_02_1\Tubo_Limpo\VTS_02_1 ID3 FRAME86 asso.jpg
FAmls16-119_OK/VTS_02_1,FAmls16-119_OK,,VTS_02_1,3,,,9,limpo-asso,..\datasets\all_datasets\dataset_registro_de_eventos\FAmls16-119_OK\VTS_02_1\Tubo_Limpo\VTS_02_1 ID3 FRAME9 asso.jpg
FAmls16-119_OK/VTS_04_1,FAmls16-119_OK,,VTS_04_1,1,,,22,evento-dano,..\datasets\all_datasets\dataset_registro_de_eventos\FAmls16-119_OK\VTS_04_1\Tubo_Evento\VTS_04_1 ID1 FRAME22 dano.jpg
FAmls16-119_OK/VTS_04_1,FAmls16-119_OK,,VTS_04_1,1,,,26,evento-dano,..\datasets\all_datasets\dataset_registro_de_eventos\FAmls16-119_OK\VTS_04_1\Tubo_Evento\VTS_04_1 ID1 FRAME26 dano.jpg
FAmls16-119_OK/VTS_04_1,FAmls16-119_OK,,VTS_04_1,1,,,9,evento-dano,..\datasets\all_datasets\dataset_registro_de_eventos\FAmls16-119_OK\VTS_04_1\Tubo_Evento\VTS_04_1 ID1 FRAME9 dano.jpg
FAmls16-119_OK/VTS_06_1,FAmls16-119_OK,,VTS_06_1,1,,,19,limpo-asso,..\datasets\all_datasets\dataset_registro_de_eventos\FAmls16-119_OK\VTS_06_1\Tubo_Limpo\VTS_06_1 ID1 FRAME19 asso.jpg
FAmls16-119_OK/VTS_06_1,FAmls16-119_OK,,VTS_06_1,1,,,2,limpo-asso,..\datasets\all_datasets\dataset_registro_de_eventos\FAmls16-119_OK\VTS_06_1\Tubo_Limpo\VTS_06_1 ID1 FRAME2 asso.jpg
FAmls16-119_OK/VTS_06_1,FAmls16-119_OK,,VTS_06_1,1,,,26,limpo-asso,..\datasets\all_datasets\dataset_registro_de_eventos\FAmls16-119_OK\VTS_06_1\Tubo_Limpo\VTS_06_1 ID1 FRAME26 asso.jpg
FAmls16-119_OK/VTS_06_1,FAmls16-119_OK,,VTS_06_1,1,,,69,limpo-asso,..\datasets\all_datasets\dataset_registro_de_eventos\FAmls16-119_OK\VTS_06_1\Tubo_Limpo\VTS_06_1 ID1 FRAME69 asso.jpg
FAmls16-119_OK/VTS_06_1,FAmls16-119_OK,,VTS_06_1,1,,,86,limpo-asso,..\datasets\all_datasets\dataset_registro_de_eventos\FAmls16-119_OK\VTS_06_1\Tubo_Limpo\VTS_06_1 ID1 FRAME86 asso.jpg
FAmls16-119_OK/VTS_06_1,FAmls16-119_OK,,VTS_06_1,2,,,12,limpo-trin,..\datasets\all_datasets\dataset_registro_de_eventos\FAmls16-119_OK\VTS_06_1\Tubo_Limpo\VTS_06_1 ID2 FRAME12 trin.jpg
FSll16-224_OK/DVD-1/VIDEO_TS/VTS_01_2,FSll16-224_OK,1,VTS_01_2,3,,,105,limpo-ondl,..\datasets\all_datasets\dataset_registro_de_eventos\FSll16-224_OK\DVD-1\VIDEO_TS\VTS_01_2\Tubo_ondulacao_limpo\DVD-1-VIDEO_TS-VTS_01_2 ID3 FRAME105 ondl.jpg
FSll16-224_OK/DVD-1/VIDEO_TS/VTS_01_2,FSll16-224_OK,1,VTS_01_2,3,,,111,limpo-ondl,..\datasets\all_datasets\dataset_registro_de_eventos\FSll16-224_OK\DVD-1\VIDEO_TS\VTS_01_2\Tubo_ondulacao_limpo\DVD-1-VIDEO_TS-VTS_01_2 ID3 FRAME111 ondl.jpg
FSll16-224_OK/DVD-1/VIDEO_TS/VTS_01_2,FSll16-224_OK,1,VTS_01_2,3,,,117,limpo-ondl,..\datasets\all_datasets\dataset_registro_de_eventos\FSll16-224_OK\DVD-1\VIDEO_TS\VTS_01_2\Tubo_ondulacao_limpo\DVD-1-VIDEO_TS-VTS_01_2 ID3 FRAME117 ondl.jpg
FSll16-224_OK/DVD-1/VIDEO_TS/VTS_01_2,FSll16-224_OK,1,VTS_01_2,3,,,123,limpo-ondl,..\datasets\all_datasets\dataset_registro_de_eventos\FSll16-224_OK\DVD-1\VIDEO_TS\VTS_01_2\Tubo_ondulacao_limpo\DVD-1-VIDEO_TS-VTS_01_2 ID3 FRAME123 ondl.jpg
FSll16-224_OK/DVD-1/VIDEO_TS/VTS_01_2,FSll16-224_OK,1,VTS_01_2,3,,,141,limpo-ondl,..\datasets\all_datasets\dataset_registro_de_eventos\FSll16-224_OK\DVD-1\VIDEO_TS\VTS_01_2\Tubo_ondulacao_limpo\DVD-1-VIDEO_TS-VTS_01_2 ID3 FRAME141 ondl.jpg
FSll16-224_OK/DVD-1/VIDEO_TS/VTS_01_2,FSll16-224_OK,1,VTS_01_2,3,,,145,limpo-ondl,..\datasets\all_datasets\dataset_registro_de_eventos\FSll16-224_OK\DVD-1\VIDEO_TS\VTS_01_2\Tubo_ondulacao_limpo\DVD-1-VIDEO_TS-VTS_01_2 ID3 FRAME145 ondl.jpg
FSll16-224_OK/DVD-1/VIDEO_TS/VTS_01_2,FSll16-224_OK,1,VTS_01_2,3,,,15,limpo-ondl,..\datasets\all_datasets\dataset_registro_de_eventos\FSll16-224_OK\DVD-1\VIDEO_TS\VTS_01_2\Tubo_ondulacao_limpo\DVD-1-VIDEO_TS-VTS_01_2 ID3 FRAME15 ondl.jpg
FSll16-224_OK/DVD-1/VIDEO_TS/VTS_01_2,FSll16-224_OK,1,VTS_01_2,3,,,21,limpo-ondl,..\datasets\all_datasets\dataset_registro_de_eventos\FSll16-224_OK\DVD-1\VIDEO_TS\VTS_01_2\Tubo_ondulacao_limpo\DVD-1-VIDEO_TS-VTS_01_2 ID3 FRAME21 ondl.jpg
FSll16-224_OK/DVD-1/VIDEO_TS/VTS_01_2,FSll16-224_OK,1,VTS_01_2,3,,,27,limpo-ondl,..\datasets\all_datasets\dataset_registro_de_eventos\FSll16-224_OK\DVD-1\VIDEO_TS\VTS_01_2\Tubo_ondulacao_limpo\DVD-1-VIDEO_TS-VTS_01_2 ID3 FRAME27 ondl.jpg
FSll16-224_OK/DVD-1/VIDEO_TS/VTS_01_2,FSll16-224_OK,1,VTS_01_2,3,,,3,limpo-ondl,..\datasets\all_datasets\dataset_registro_de_eventos\FSll16-224_OK\DVD-1\VIDEO_TS\VTS_01_2\Tubo_ondulacao_limpo\DVD-1-VIDEO_TS-VTS_01_2 ID3 FRAME3 ondl.jpg
FSll16-224_OK/DVD-1/VIDEO_TS/VTS_01_2,FSll16-224_OK,1,VTS_01_2,3,,,333,limpo-ondl,..\datasets\all_datasets\dataset_registro_de_eventos\FSll16-224_OK\DVD-1\VIDEO_TS\VTS_01_2\Tubo_ondulacao_limpo\DVD-1-VIDEO_TS-VTS_01_2 ID3 FRAME333 ondl.jpg
FSll16-224_OK/DVD-1/VIDEO_TS/VTS_01_2,FSll16-224_OK,1,VTS_01_2,3,,,345,limpo-ondl,..\datasets\all_datasets\dataset_registro_de_eventos\FSll16-224_OK\DVD-1\VIDEO_TS\VTS_01_2\Tubo_ondulacao_limpo\DVD-1-VIDEO_TS-VTS_01_2 ID3 FRAME345 ondl.jpg
FSll16-224_OK/DVD-1/VIDEO_TS/VTS_01_2,FSll16-224_OK,1,VTS_01_2,3,,,363,limpo-ondl,..\datasets\all_datasets\dataset_registro_de_eventos\FSll16-224_OK\DVD-1\VIDEO_TS\VTS_01_2\Tubo_ondulacao_limpo\DVD-1-VIDEO_TS-VTS_01_2 ID3 FRAME363 ondl.jpg
FSll16-224_OK/DVD-1/VIDEO_TS/VTS_01_2,FSll16-224_OK,1,VTS_01_2,3,,,369,limpo-ondl,..\datasets\all_datasets\dataset_registro_de_eventos\FSll16-224_OK\DVD-1\VIDEO_TS\VTS_01_2\Tubo_ondulacao_limpo\DVD-1-VIDEO_TS-VTS_01_2 ID3 FRAME369 ondl.jpg
FSll16-224_OK/DVD-1/VIDEO_TS/VTS_01_2,FSll16-224_OK,1,VTS_01_2,3,,,387,limpo-ondl,..\datasets\all_datasets\dataset_registro_de_eventos\FSll16-224_OK\DVD-1\VIDEO_TS\VTS_01_2\Tubo_ondulacao_limpo\DVD-1-VIDEO_TS-VTS_01_2 ID3 FRAME387 ondl.jpg
FSll16-224_OK/DVD-1/VIDEO_TS/VTS_01_2,FSll16-224_OK,1,VTS_01_2,3,,,393,limpo-ondl,..\datasets\all_datasets\dataset_registro_de_eventos\FSll16-224_OK\DVD-1\VIDEO_TS\VTS_01_2\Tubo_ondulacao_limpo\DVD-1-VIDEO_TS-VTS_01_2 ID3 FRAME393 ondl.jpg
FSll16-224_OK/DVD-1/VIDEO_TS/VTS_01_2,FSll16-224_OK,1,VTS_01_2,3,,,423,limpo-ondl,..\datasets\all_datasets\dataset_registro_de_eventos\FSll16-224_OK\DVD-1\VIDEO_TS\VTS_01_2\Tubo_ondulacao_limpo\DVD-1-VIDEO_TS-VTS_01_2 ID3 FRAME423 ondl.jpg
FSll16-224_OK/DVD-1/VIDEO_TS/VTS_01_2,FSll16-224_OK,1,VTS_01_2,3,,,429,limpo-ondl,..\datasets\all_datasets\dataset_registro_de_eventos\FSll16-224_OK\DVD-1\VIDEO_TS\VTS_01_2\Tubo_ondulacao_limpo\DVD-1-VIDEO_TS-VTS_01_2 ID3 FRAME429 ondl.jpg
FSll16-224_OK/DVD-1/VIDEO_TS/VTS_01_2,FSll16-224_OK,1,VTS_01_2,3,,,447,limpo-ondl,..\datasets\all_datasets\dataset_registro_de_eventos\FSll16-224_OK\DVD-1\VIDEO_TS\VTS_01_2\Tubo_ondulacao_limpo\DVD-1-VIDEO_TS-VTS_01_2 ID3 FRAME447 ondl.jpg
FSll16-224_OK/DVD-1/VIDEO_TS/VTS_01_2,FSll16-224_OK,1,VTS_01_2,3,,,45,limpo-ondl,..\datasets\all_datasets\dataset_registro_de_eventos\FSll16-224_OK\DVD-1\VIDEO_TS\VTS_01_2\Tubo_ondulacao_limpo\DVD-1-VIDEO_TS-VTS_01_2 ID3 FRAME45 ondl.jpg
FSll16-224_OK/DVD-1/VIDEO_TS/VTS_01_2,FSll16-224_OK,1,VTS_01_2,3,,,51,limpo-ondl,..\datasets\all_datasets\dataset_registro_de_eventos\FSll16-224_OK\DVD-1\VIDEO_TS\VTS_01_2\Tubo_ondulacao_limpo\DVD-1-VIDEO_TS-VTS_01_2 ID3 FRAME51 ondl.jpg
FSll16-224_OK/DVD-1/VIDEO_TS/VTS_01_2,FSll16-224_OK,1,VTS_01_2,3,,,57,limpo-ondl,..\datasets\all_datasets\dataset_registro_de_eventos\FSll16-224_OK\DVD-1\VIDEO_TS\VTS_01_2\Tubo_ondulacao_limpo\DVD-1-VIDEO_TS-VTS_01_2 ID3 FRAME57 ondl.jpg
FSll16-224_OK/DVD-1/VIDEO_TS/VTS_01_2,FSll16-224_OK,1,VTS_01_2,3,,,75,limpo-ondl,..\datasets\all_datasets\dataset_registro_de_eventos\FSll16-224_OK\DVD-1\VIDEO_TS\VTS_01_2\Tubo_ondulacao_limpo\DVD-1-VIDEO_TS-VTS_01_2 ID3 FRAME75 ondl.jpg
FSll16-224_OK/DVD-1/VIDEO_TS/VTS_01_2,FSll16-224_OK,1,VTS_01_2,3,,,81,limpo-ondl,..\datasets\all_datasets\dataset_registro_de_eventos\FSll16-224_OK\DVD-1\VIDEO_TS\VTS_01_2\Tubo_ondulacao_limpo\DVD-1-VIDEO_TS-VTS_01_2 ID3 FRAME81 ondl.jpg
FSll16-224_OK/DVD-1/VIDEO_TS/VTS_01_2,FSll16-224_OK,1,VTS_01_2,3,,,87,limpo-ondl,..\datasets\all_datasets\dataset_registro_de_eventos\FSll16-224_OK\DVD-1\VIDEO_TS\VTS_01_2\Tubo_ondulacao_limpo\DVD-1-VIDEO_TS-VTS_01_2 ID3 FRAME87 ondl.jpg
FSll16-224_OK/DVD-1/VIDEO_TS/VTS_01_2,FSll16-224_OK,1,VTS_01_2,3,,,9,limpo-ondl,..\datasets\all_datasets\dataset_registro_de_eventos\FSll16-224_OK\DVD-1\VIDEO_TS\VTS_01_2\Tubo_ondulacao_limpo\DVD-1-VIDEO_TS-VTS_01_2 ID3 FRAME9 ondl.jpg
FSll16-224_OK/DVD-3/VIDEO_TS/VTS_01_3,FSll16-224_OK,3,VTS_01_3,1,,,117,evento-repr,..\datasets\all_datasets\dataset_registro_de_eventos\FSll16-224_OK\DVD-3\VIDEO_TS\VTS_01_3\Tubo_Evento\DVD-3-VIDEO_TS-VTS_01_3 ID1 FRAME117 repr.jpg
FSll16-224_OK/DVD-3/VIDEO_TS/VTS_01_3,FSll16-224_OK,3,VTS_01_3,1,,,129,evento-repr,..\datasets\all_datasets\dataset_registro_de_eventos\FSll16-224_OK\DVD-3\VIDEO_TS\VTS_01_3\Tubo_Evento\DVD-3-VIDEO_TS-VTS_01_3 ID1 FRAME129 repr.jpg
FSll16-224_OK/DVD-3/VIDEO_TS/VTS_01_3,FSll16-224_OK,3,VTS_01_3,1,,,150,evento-repr,..\datasets\all_datasets\dataset_registro_de_eventos\FSll16-224_OK\DVD-3\VIDEO_TS\VTS_01_3\Tubo_Evento\DVD-3-VIDEO_TS-VTS_01_3 ID1 FRAME150 repr.jpg
FSll16-224_OK/DVD-3/VIDEO_TS/VTS_01_3,FSll16-224_OK,3,VTS_01_3,1,,,155,evento-repr,..\datasets\all_datasets\dataset_registro_de_eventos\FSll16-224_OK\DVD-3\VIDEO_TS\VTS_01_3\Tubo_Evento\DVD-3-VIDEO_TS-VTS_01_3 ID1 FRAME155 repr.jpg
FSll16-224_OK/DVD-3/VIDEO_TS/VTS_01_3,FSll16-224_OK,3,VTS_01_3,1,,,161,evento-repr,..\datasets\all_datasets\dataset_registro_de_eventos\FSll16-224_OK\DVD-3\VIDEO_TS\VTS_01_3\Tubo_Evento\DVD-3-VIDEO_TS-VTS_01_3 ID1 FRAME161 repr.jpg
FSll16-224_OK/DVD-3/VIDEO_TS/VTS_01_3,FSll16-224_OK,3,VTS_01_3,1,,,21,evento-repr,..\datasets\all_datasets\dataset_registro_de_eventos\FSll16-224_OK\DVD-3\VIDEO_TS\VTS_01_3\Tubo_Evento\DVD-3-VIDEO_TS-VTS_01_3 ID1 FRAME21 repr.jpg
FSll16-224_OK/DVD-3/VIDEO_TS/VTS_01_3,FSll16-224_OK,3,VTS_01_3,1,,,3,evento-repr,..\datasets\all_datasets\dataset_registro_de_eventos\FSll16-224_OK\DVD-3\VIDEO_TS\VTS_01_3\Tubo_Evento\DVD-3-VIDEO_TS-VTS_01_3 ID1 FRAME3 repr.jpg
FSll16-224_OK/DVD-3/VIDEO_TS/VTS_01_3,FSll16-224_OK,3,VTS_01_3,1,,,31,evento-repr,..\datasets\all_datasets\dataset_registro_de_eventos\FSll16-224_OK\DVD-3\VIDEO_TS\VTS_01_3\Tubo_Evento\DVD-3-VIDEO_TS-VTS_01_3 ID1 FRAME31 repr.jpg
FSll16-224_OK/DVD-3/VIDEO_TS/VTS_01_3,FSll16-224_OK,3,VTS_01_3,1,,,34,evento-repr,..\datasets\all_datasets\dataset_registro_de_eventos\FSll16-224_OK\DVD-3\VIDEO_TS\VTS_01_3\Tubo_Evento\DVD-3-VIDEO_TS-VTS_01_3 ID1 FRAME34 repr.jpg
FSll16-224_OK/DVD-3/VIDEO_TS/VTS_01_3,FSll16-224_OK,3,VTS_01_3,1,,,40,evento-repr,..\datasets\all_datasets\dataset_registro_de_eventos\FSll16-224_OK\DVD-3\VIDEO_TS\VTS_01_3\Tubo_Evento\DVD-3-VIDEO_TS-VTS_01_3 ID1 FRAME40 repr.jpg
FSll16-224_OK/DVD-3/VIDEO_TS/VTS_01_3,FSll16-224_OK,3,VTS_01_3,1,,,56,evento-repr,..\datasets\all_datasets\dataset_registro_de_eventos\FSll16-224_OK\DVD-3\VIDEO_TS\VTS_01_3\Tubo_Evento\DVD-3-VIDEO_TS-VTS_01_3 ID1 FRAME56 repr.jpg
FSll16-224_OK/DVD-3/VIDEO_TS/VTS_01_3,FSll16-224_OK,3,VTS_01_3,1,,,6,evento-repr,..\datasets\all_datasets\dataset_registro_de_eventos\FSll16-224_OK\DVD-3\VIDEO_TS\VTS_01_3\Tubo_Evento\DVD-3-VIDEO_TS-VTS_01_3 ID1 FRAME6 repr.jpg
FSll16-224_OK/DVD-3/VIDEO_TS/VTS_01_3,FSll16-224_OK,3,VTS_01_3,1,,,72,evento-repr,..\datasets\all_datasets\dataset_registro_de_eventos\FSll16-224_OK\DVD-3\VIDEO_TS\VTS_01_3\Tubo_Evento\DVD-3-VIDEO_TS-VTS_01_3 ID1 FRAME72 repr.jpg
FSll16-224_OK/DVD-3/VIDEO_TS/VTS_01_3,FSll16-224_OK,3,VTS_01_3,1,,,8,evento-repr,..\datasets\all_datasets\dataset_registro_de_eventos\FSll16-224_OK\DVD-3\VIDEO_TS\VTS_01_3\Tubo_Evento\DVD-3-VIDEO_TS-VTS_01_3 ID1 FRAME8 repr.jpg
FSll16-224_OK/DVD-3/VIDEO_TS/VTS_01_3,FSll16-224_OK,3,VTS_01_3,1,,,89,evento-repr,..\datasets\all_datasets\dataset_registro_de_eventos\FSll16-224_OK\DVD-3\VIDEO_TS\VTS_01_3\Tubo_Evento\DVD-3-VIDEO_TS-VTS_01_3 ID1 FRAME89 repr.jpg
FSll16-224_OK/DVD-3/VIDEO_TS/VTS_01_3,FSll16-224_OK,3,VTS_01_3,1,,,95,evento-repr,..\datasets\all_datasets\dataset_registro_de_eventos\FSll16-224_OK\DVD-3\VIDEO_TS\VTS_01_3\Tubo_Evento\DVD-3-VIDEO_TS-VTS_01_3 ID1 FRAME95 repr.jpg
FSll16-224_OK/DVD-3/VIDEO_TS/VTS_01_4,FSll16-224_OK,3,VTS_01_4,1,,,15,evento-repr,..\datasets\all_datasets\dataset_registro_de_eventos\FSll16-224_OK\DVD-3\VIDEO_TS\VTS_01_4\Tubo_Evento\DVD-3-VIDEO_TS-VTS_01_4 ID1 FRAME15 repr.jpg
FSll16-224_OK/DVD-3/VIDEO_TS/VTS_01_4,FSll16-224_OK,3,VTS_01_4,1,,,5,evento-repr,..\datasets\all_datasets\dataset_registro_de_eventos\FSll16-224_OK\DVD-3\VIDEO_TS\VTS_01_4\Tubo_Evento\DVD-3-VIDEO_TS-VTS_01_4 ID1 FRAME5 repr.jpg
FSll16-224_OK/DVD-3/VIDEO_TS/VTS_01_4,FSll16-224_OK,3,VTS_01_4,2,,,12,evento-repr,..\datasets\all_datasets\dataset_registro_de_eventos\FSll16-224_OK\DVD-3\VIDEO_TS\VTS_01_4\Tubo_Evento\DVD-3-VIDEO_TS-VTS_01_4 ID2 FRAME12 repr.jpg
FSll16-224_OK/DVD-3/VIDEO_TS/VTS_01_4,FSll16-224_OK,3,VTS_01_4,2,,,24,evento-repr,..\datasets\all_datasets\dataset_registro_de_eventos\FSll16-224_OK\DVD-3\VIDEO_TS\VTS_01_4\Tubo_Evento\DVD-3-VIDEO_TS-VTS_01_4 ID2 FRAME24 repr.jpg
FSll16-224_OK/DVD-3/VIDEO_TS/VTS_01_4,FSll16-224_OK,3,VTS_01_4,2,,,30,evento-repr,..\datasets\all_datasets\dataset_registro_de_eventos\FSll16-224_OK\DVD-3\VIDEO_TS\VTS_01_4\Tubo_Evento\DVD-3-VIDEO_TS-VTS_01_4 ID2 FRAME30 repr.jpg
FSll16-224_OK/DVD-3/VIDEO_TS/VTS_01_4,FSll16-224_OK,3,VTS_01_4,2,,,42,evento-repr,..\datasets\all_datasets\dataset_registro_de_eventos\FSll16-224_OK\DVD-3\VIDEO_TS\VTS_01_4\Tubo_Evento\DVD-3-VIDEO_TS-VTS_01_4 ID2 FRAME42 repr.jpg
FSll16-224_OK/DVD-3/VIDEO_TS/VTS_01_4,FSll16-224_OK,3,VTS_01_4,2,,,48,evento-repr,..\datasets\all_datasets\dataset_registro_de_eventos\FSll16-224_OK\DVD-3\VIDEO_TS\VTS_01_4\Tubo_Evento\DVD-3-VIDEO_TS-VTS_01_4 ID2 FRAME48 repr.jpg
FSll16-224_OK/DVD-3/VIDEO_TS/VTS_01_4,FSll16-224_OK,3,VTS_01_4,2,,,60,evento-repr,..\datasets\all_datasets\dataset_registro_de_eventos\FSll16-224_OK\DVD-3\VIDEO_TS\VTS_01_4\Tubo_Evento\DVD-3-VIDEO_TS-VTS_01_4 ID2 FRAME60 repr.jpg
FSll16-224_OK/DVD-3/VIDEO_TS/VTS_01_4,FSll16-224_OK,3,VTS_01_4,2,,,66,evento-repr,..\datasets\all_datasets\dataset_registro_de_eventos\FSll16-224_OK\DVD-3\VIDEO_TS\VTS_01_4\Tubo_Evento\DVD-3-VIDEO_TS-VTS_01_4 ID2 FRAME66 repr.jpg
FSll16-224_OK/DVD-3/VIDEO_TS/VTS_01_4,FSll16-224_OK,3,VTS_01_4,2,,,70,evento-repr,..\datasets\all_datasets\dataset_registro_de_eventos\FSll16-224_OK\DVD-3\VIDEO_TS\VTS_01_4\Tubo_Evento\DVD-3-VIDEO_TS-VTS_01_4 ID2 FRAME70 repr.jpg
FSll16-224_OK/DVD-3/VIDEO_TS/VTS_01_4,FSll16-224_OK,3,VTS_01_4,2,,,80,evento-repr,..\datasets\all_datasets\dataset_registro_de_eventos\FSll16-224_OK\DVD-3\VIDEO_TS\VTS_01_4\Tubo_Evento\DVD-3-VIDEO_TS-VTS_01_4 ID2 FRAME80 repr.jpg
FSll16-224_OK/DVD-3/VIDEO_TS/VTS_01_4,FSll16-224_OK,3,VTS_01_4,2,,,82,evento-repr,..\datasets\all_datasets\dataset_registro_de_eventos\FSll16-224_OK\DVD-3\VIDEO_TS\VTS_01_4\Tubo_Evento\DVD-3-VIDEO_TS-VTS_01_4 ID2 FRAME82 repr.jpg
FSll16-224_OK/DVD-3/VIDEO_TS/VTS_01_4,FSll16-224_OK,3,VTS_01_4,2,,,85,evento-repr,..\datasets\all_datasets\dataset_registro_de_eventos\FSll16-224_OK\DVD-3\VIDEO_TS\VTS_01_4\Tubo_Evento\DVD-3-VIDEO_TS-VTS_01_4 ID2 FRAME85 repr.jpg
FSll16-224_OK/DVD-3/VIDEO_TS/VTS_01_4,FSll16-224_OK,3,VTS_01_4,2,,,86,evento-repr,..\datasets\all_datasets\dataset_registro_de_eventos\FSll16-224_OK\DVD-3\VIDEO_TS\VTS_01_4\Tubo_Evento\DVD-3-VIDEO_TS-VTS_01_4 ID2 FRAME86 repr.jpg
FSll16-224_OK/DVD-3/VIDEO_TS/VTS_01_4,FSll16-224_OK,3,VTS_01_4,2,,,87,evento-repr,..\datasets\all_datasets\dataset_registro_de_eventos\FSll16-224_OK\DVD-3\VIDEO_TS\VTS_01_4\Tubo_Evento\DVD-3-VIDEO_TS-VTS_01_4 ID2 FRAME87 repr.jpg
TCOpm16-140_OK/DVD-1/VTS_01_2,TCOpm16-140_OK,1,VTS_01_2,1,,,3,evento-cruz,..\datasets\all_datasets\dataset_registro_de_eventos\TCOpm16-140_OK\DVD-1\VTS_01_2\Tubo_Evento\DVD-1-VTS_01_2 ID1 FRAME3 cruz.jpg
TCOpm16-140_OK/DVD-1/VTS_01_2,TCOpm16-140_OK,1,VTS_01_2,1,,,32,evento-cruz,..\datasets\all_datasets\dataset_registro_de_eventos\TCOpm16-140_OK\DVD-1\VTS_01_2\Tubo_Evento\DVD-1-VTS_01_2 ID1 FRAME32 cruz.jpg
TCOpm16-140_OK/DVD-1/VTS_01_2,TCOpm16-140_OK,1,VTS_01_2,1,,,39,evento-cruz,..\datasets\all_datasets\dataset_registro_de_eventos\TCOpm16-140_OK\DVD-1\VTS_01_2\Tubo_Evento\DVD-1-VTS_01_2 ID1 FRAME39 cruz.jpg
TCOpm16-140_OK/DVD-1/VTS_01_2,TCOpm16-140_OK,1,VTS_01_2,2,,,25,evento-cruz,..\datasets\all_datasets\dataset_registro_de_eventos\TCOpm16-140_OK\DVD-1\VTS_01_2\Tubo_Evento\DVD-1-VTS_01_2 ID2 FRAME25 cruz.jpg
TCOpm16-140_OK/DVD-1/VTS_01_2,TCOpm16-140_OK,1,VTS_01_2,4,,,3,evento-cruz,..\datasets\all_datasets\dataset_registro_de_eventos\TCOpm16-140_OK\DVD-1\VTS_01_2\Tubo_Evento\DVD-1-VTS_01_2 ID4 FRAME3 cruz.jpg
TCOpm16-140_OK/DVD-1/VTS_01_2,TCOpm16-140_OK,1,VTS_01_2,4,,,9,evento-cruz,..\datasets\all_datasets\dataset_registro_de_eventos\TCOpm16-140_OK\DVD-1\VTS_01_2\Tubo_Evento\DVD-1-VTS_01_2 ID4 FRAME9 cruz.jpg
TCOpm16-140_OK/DVD-1/VTS_01_2,TCOpm16-140_OK,1,VTS_01_2,5,,,202,evento-repr,..\datasets\all_datasets\dataset_registro_de_eventos\TCOpm16-140_OK\DVD-1\VTS_01_2\Tubo_Evento\DVD-1-VTS_01_2 ID5 FRAME202 repr.jpg
TCOpm16-140_OK/DVD-1/VTS_01_2,TCOpm16-140_OK,1,VTS_01_2,5,,,225,evento-repr,..\datasets\all_datasets\dataset_registro_de_eventos\TCOpm16-140_OK\DVD-1\VTS_01_2\Tubo_Evento\DVD-1-VTS_01_2 ID5 FRAME225 repr.jpg
TCOpm16-140_OK/DVD-1/VTS_01_2,TCOpm16-140_OK,1,VTS_01_2,5,,,233,evento-repr,..\datasets\all_datasets\dataset_registro_de_eventos\TCOpm16-140_OK\DVD-1\VTS_01_2\Tubo_Evento\DVD-1-VTS_01_2 ID5 FRAME233 repr.jpg
TCOpm16-140_OK/DVD-1/VTS_01_2,TCOpm16-140_OK,1,VTS_01_2,5,,,243,evento-repr,..\datasets\all_datasets\dataset_registro_de_eventos\TCOpm16-140_OK\DVD-1\VTS_01_2\Tubo_Evento\DVD-1-VTS_01_2 ID5 FRAME243 repr.jpg
TCOpm16-140_OK/DVD-1/VTS_01_2,TCOpm16-140_OK,1,VTS_01_2,5,,,245,evento-repr,..\datasets\all_datasets\dataset_registro_de_eventos\TCOpm16-140_OK\DVD-1\VTS_01_2\Tubo_Evento\DVD-1-VTS_01_2 ID5 FRAME245 repr.jpg
TCOpm16-140_OK/DVD-1/VTS_01_2,TCOpm16-140_OK,1,VTS_01_2,5,,,257,evento-repr,..\datasets\all_datasets\dataset_registro_de_eventos\TCOpm16-140_OK\DVD-1\VTS_01_2\Tubo_Evento\DVD-1-VTS_01_2 ID5 FRAME257 repr.jpg
TCOpm16-140_OK/DVD-1/VTS_01_2,TCOpm16-140_OK,1,VTS_01_2,5,,,286,evento-repr,..\datasets\all_datasets\dataset_registro_de_eventos\TCOpm16-140_OK\DVD-1\VTS_01_2\Tubo_Evento\DVD-1-VTS_01_2 ID5 FRAME286 repr.jpg
TCOpm16-140_OK/DVD-1/VTS_01_2,TCOpm16-140_OK,1,VTS_01_2,5,,,323,evento-repr,..\datasets\all_datasets\dataset_registro_de_eventos\TCOpm16-140_OK\DVD-1\VTS_01_2\Tubo_Evento\DVD-1-VTS_01_2 ID5 FRAME323 repr.jpg
TCOpm16-140_OK/DVD-1/VTS_01_2,TCOpm16-140_OK,1,VTS_01_2,5,,,347,evento-repr,..\datasets\all_datasets\dataset_registro_de_eventos\TCOpm16-140_OK\DVD-1\VTS_01_2\Tubo_Evento\DVD-1-VTS_01_2 ID5 FRAME347 repr.jpg
TCOpm16-140_OK/DVD-1/VTS_01_2,TCOpm16-140_OK,1,VTS_01_2,5,,,351,evento-repr,..\datasets\all_datasets\dataset_registro_de_eventos\TCOpm16-140_OK\DVD-1\VTS_01_2\Tubo_Evento\DVD-1-VTS_01_2 ID5 FRAME351 repr.jpg
TCOpm16-140_OK/DVD-1/VTS_01_2,TCOpm16-140_OK,1,VTS_01_2,5,,,353,evento-repr,..\datasets\all_datasets\dataset_registro_de_eventos\TCOpm16-140_OK\DVD-1\VTS_01_2\Tubo_Evento\DVD-1-VTS_01_2 ID5 FRAME353 repr.jpg
TCOpm16-140_OK/DVD-1/VTS_01_2,TCOpm16-140_OK,1,VTS_01_2,5,,,359,evento-repr,..\datasets\all_datasets\dataset_registro_de_eventos\TCOpm16-140_OK\DVD-1\VTS_01_2\Tubo_Evento\DVD-1-VTS_01_2 ID5 FRAME359 repr.jpg
TCOpm16-140_OK/DVD-1/VTS_01_2,TCOpm16-140_OK,1,VTS_01_2,5,,,364,evento-repr,..\datasets\all_datasets\dataset_registro_de_eventos\TCOpm16-140_OK\DVD-1\VTS_01_2\Tubo_Evento\DVD-1-VTS_01_2 ID5 FRAME364 repr.jpg
TCOpm16-140_OK/DVD-1/VTS_01_3,TCOpm16-140_OK,1,VTS_01_3,1,,,177,evento-dano,..\datasets\all_datasets\dataset_registro_de_eventos\TCOpm16-140_OK\DVD-1\VTS_01_3\Tubo_Evento\DVD-1-VTS_01_3 ID1 FRAME177 dano.jpg
TCOpm16-140_OK/DVD-1/VTS_01_3,TCOpm16-140_OK,1,VTS_01_3,1,,,2,evento-dano,..\datasets\all_datasets\dataset_registro_de_eventos\TCOpm16-140_OK\DVD-1\VTS_01_3\Tubo_Evento\DVD-1-VTS_01_3 ID1 FRAME2 dano.jpg
TCOpm16-140_OK/DVD-1/VTS_01_3,TCOpm16-140_OK,1,VTS_01_3,1,,,363,evento-dano,..\datasets\all_datasets\dataset_registro_de_eventos\TCOpm16-140_OK\DVD-1\VTS_01_3\Tubo_Evento\DVD-1-VTS_01_3 ID1 FRAME363 dano.jpg
TCOpm16-140_OK/DVD-1/VTS_01_3,TCOpm16-140_OK,1,VTS_01_3,1,,,371,evento-dano,..\datasets\all_datasets\dataset_registro_de_eventos\TCOpm16-140_OK\DVD-1\VTS_01_3\Tubo_Evento\DVD-1-VTS_01_3 ID1 FRAME371 dano.jpg
TCOpm16-140_OK/DVD-1/VTS_01_3,TCOpm16-140_OK,1,VTS_01_3,1,,,375,evento-dano,..\datasets\all_datasets\dataset_registro_de_eventos\TCOpm16-140_OK\DVD-1\VTS_01_3\Tubo_Evento\DVD-1-VTS_01_3 ID1 FRAME375 dano.jpg
TCOpm16-140_OK/DVD-1/VTS_01_3,TCOpm16-140_OK,1,VTS_01_3,1,,,38,evento-dano,..\datasets\all_datasets\dataset_registro_de_eventos\TCOpm16-140_OK\DVD-1\VTS_01_3\Tubo_Evento\DVD-1-VTS_01_3 ID1 FRAME38 dano.jpg
TCOpm16-140_OK/DVD-1/VTS_01_3,TCOpm16-140_OK,1,VTS_01_3,1,,,393,evento-dano,..\datasets\all_datasets\dataset_registro_de_eventos\TCOpm16-140_OK\DVD-1\VTS_01_3\Tubo_Evento\DVD-1-VTS_01_3 ID1 FRAME393 dano.jpg
TCOpm16-140_OK/DVD-1/VTS_01_3,TCOpm16-140_OK,1,VTS_01_3,1,,,405,evento-dano,..\datasets\all_datasets\dataset_registro_de_eventos\TCOpm16-140_OK\DVD-1\VTS_01_3\Tubo_Evento\DVD-1-VTS_01_3 ID1 FRAME405 dano.jpg
TCOpm16-140_OK/DVD-1/VTS_01_3,TCOpm16-140_OK,1,VTS_01_3,1,,,411,evento-dano,..\datasets\all_datasets\dataset_registro_de_eventos\TCOpm16-140_OK\DVD-1\VTS_01_3\Tubo_Evento\DVD-1-VTS_01_3 ID1 FRAME411 dano.jpg
TCOpm16-140_OK/DVD-1/VTS_01_3,TCOpm16-140_OK,1,VTS_01_3,1,,,417,evento-dano,..\datasets\all_datasets\dataset_registro_de_eventos\TCOpm16-140_OK\DVD-1\VTS_01_3\Tubo_Evento\DVD-1-VTS_01_3 ID1 FRAME417 dano.jpg
TCOpm16-140_OK/DVD-1/VTS_01_3,TCOpm16-140_OK,1,VTS_01_3,1,,,483,evento-dano,..\datasets\all_datasets\dataset_registro_de_eventos\TCOpm16-140_OK\DVD-1\VTS_01_3\Tubo_Evento\DVD-1-VTS_01_3 ID1 FRAME483 dano.jpg
TCOpm16-140_OK/DVD-1/VTS_01_3,TCOpm16-140_OK,1,VTS_01_3,1,,,507,evento-dano,..\datasets\all_datasets\dataset_registro_de_eventos\TCOpm16-140_OK\DVD-1\VTS_01_3\Tubo_Evento\DVD-1-VTS_01_3 ID1 FRAME507 dano.jpg
TCOpm16-140_OK/DVD-1/VTS_01_3,TCOpm16-140_OK,1,VTS_01_3,1,,,525,evento-dano,..\datasets\all_datasets\dataset_registro_de_eventos\TCOpm16-140_OK\DVD-1\VTS_01_3\Tubo_Evento\DVD-1-VTS_01_3 ID1 FRAME525 dano.jpg
TCOpm16-140_OK/DVD-1/VTS_01_3,TCOpm16-140_OK,1,VTS_01_3,1,,,531,evento-dano,..\datasets\all_datasets\dataset_registro_de_eventos\TCOpm16-140_OK\DVD-1\VTS_01_3\Tubo_Evento\DVD-1-VTS_01_3 ID1 FRAME531 dano.jpg
TCOpm16-140_OK/DVD-1/VTS_01_3,TCOpm16-140_OK,1,VTS_01_3,1,,,537,evento-dano,..\datasets\all_datasets\dataset_registro_de_eventos\TCOpm16-140_OK\DVD-1\VTS_01_3\Tubo_Evento\DVD-1-VTS_01_3 ID1 FRAME537 dano.jpg
TCOpm16-140_OK/DVD-1/VTS_01_3,TCOpm16-140_OK,1,VTS_01_3,1,,,56,evento-dano,..\datasets\all_datasets\dataset_registro_de_eventos\TCOpm16-140_OK\DVD-1\VTS_01_3\Tubo_Evento\DVD-1-VTS_01_3 ID1 FRAME56 dano.jpg
TCOpm16-140_OK/DVD-1/VTS_01_3,TCOpm16-140_OK,1,VTS_01_3,1,,,561,evento-dano,..\datasets\all_datasets\dataset_registro_de_eventos\TCOpm16-140_OK\DVD-1\VTS_01_3\Tubo_Evento\DVD-1-VTS_01_3 ID1 FRAME561 dano.jpg
TCOpm16-140_OK/DVD-1/VTS_01_3,TCOpm16-140_OK,1,VTS_01_3,1,,,579,evento-dano,..\datasets\all_datasets\dataset_registro_de_eventos\TCOpm16-140_OK\DVD-1\VTS_01_3\Tubo_Evento\DVD-1-VTS_01_3 ID1 FRAME579 dano.jpg
TCOpm16-140_OK/DVD-1/VTS_01_3,TCOpm16-140_OK,1,VTS_01_3,1,,,62,evento-dano,..\datasets\all_datasets\dataset_registro_de_eventos\TCOpm16-140_OK\DVD-1\VTS_01_3\Tubo_Evento\DVD-1-VTS_01_3 ID1 FRAME62 dano.jpg
TCOpm16-140_OK/DVD-1/VTS_01_3,TCOpm16-140_OK,1,VTS_01_3,1,,,69,evento-dano,..\datasets\all_datasets\dataset_registro_de_eventos\TCOpm16-140_OK\DVD-1\VTS_01_3\Tubo_Evento\DVD-1-VTS_01_3 ID1 FRAME69 dano.jpg
TCOpm16-140_OK/DVD-1/VTS_01_3,TCOpm16-140_OK,1,VTS_01_3,1,,,8,evento-dano,..\datasets\all_datasets\dataset_registro_de_eventos\TCOpm16-140_OK\DVD-1\VTS_01_3\Tubo_Evento\DVD-1-VTS_01_3 ID1 FRAME8 dano.jpg
TCOpm16-140_OK/DVD-1/VTS_01_3,TCOpm16-140_OK,1,VTS_01_3,1,,,80,evento-dano,..\datasets\all_datasets\dataset_registro_de_eventos\TCOpm16-140_OK\DVD-1\VTS_01_3\Tubo_Evento\DVD-1-VTS_01_3 ID1 FRAME80 dano.jpg
TCOpm16-140_OK/DVD-1/VTS_01_3,TCOpm16-140_OK,1,VTS_01_3,1,,,93,evento-dano,..\datasets\all_datasets\dataset_registro_de_eventos\TCOpm16-140_OK\DVD-1\VTS_01_3\Tubo_Evento\DVD-1-VTS_01_3 ID1 FRAME93 dano.jpg
TCOpm16-140_OK/DVD-1/VTS_01_4,TCOpm16-140_OK,1,VTS_01_4,1,,,117,evento-repr,..\datasets\all_datasets\dataset_registro_de_eventos\TCOpm16-140_OK\DVD-1\VTS_01_4\Tubo_Evento\DVD-1-VTS_01_4 ID1 FRAME117 repr.jpg
TCOpm16-140_OK/DVD-1/VTS_01_4,TCOpm16-140_OK,1,VTS_01_4,1,,,129,evento-repr,..\datasets\all_datasets\dataset_registro_de_eventos\TCOpm16-140_OK\DVD-1\VTS_01_4\Tubo_Evento\DVD-1-VTS_01_4 ID1 FRAME129 repr.jpg
TCOpm16-140_OK/DVD-1/VTS_01_4,TCOpm16-140_OK,1,VTS_01_4,1,,,141,evento-repr,..\datasets\all_datasets\dataset_registro_de_eventos\TCOpm16-140_OK\DVD-1\VTS_01_4\Tubo_Evento\DVD-1-VTS_01_4 ID1 FRAME141 repr.jpg
TCOpm16-140_OK/DVD-1/VTS_01_4,TCOpm16-140_OK,1,VTS_01_4,1,,,162,evento-repr,..\datasets\all_datasets\dataset_registro_de_eventos\TCOpm16-140_OK\DVD-1\VTS_01_4\Tubo_Evento\DVD-1-VTS_01_4 ID1 FRAME162 repr.jpg
TCOpm16-140_OK/DVD-1/VTS_01_4,TCOpm16-140_OK,1,VTS_01_4,1,,,171,evento-repr,..\datasets\all_datasets\dataset_registro_de_eventos\TCOpm16-140_OK\DVD-1\VTS_01_4\Tubo_Evento\DVD-1-VTS_01_4 ID1 FRAME171 repr.jpg
TCOpm16-140_OK/DVD-1/VTS_01_4,TCOpm16-140_OK,1,VTS_01_4,1,,,177,evento-repr,..\datasets\all_datasets\dataset_registro_de_eventos\TCOpm16-140_OK\DVD-1\VTS_01_4\Tubo_Evento\DVD-1-VTS_01_4 ID1 FRAME177 repr.jpg
TCOpm16-140_OK/DVD-1/VTS_01_4,TCOpm16-140_OK,1,VTS_01_4,1,,,183,evento-repr,..\datasets\all_datasets\dataset_registro_de_eventos\TCOpm16-140_OK\DVD-1\VTS_01_4\Tubo_Evento\DVD-1-VTS_01_4 ID1 FRAME183 repr.jpg
TCOpm16-140_OK/DVD-1/VTS_01_4,TCOpm16-140_OK,1,VTS_01_4,1,,,201,evento-repr,..\datasets\all_datasets\dataset_registro_de_eventos\TCOpm16-140_OK\DVD-1\VTS_01_4\Tubo_Evento\DVD-1-VTS_01_4 ID1 FRAME201 repr.jpg
TCOpm16-140_OK/DVD-1/VTS_01_4,TCOpm16-140_OK,1,VTS_01_4,1,,,21,evento-repr,..\datasets\all_datasets\dataset_registro_de_eventos\TCOpm16-140_OK\DVD-1\VTS_01_4\Tubo_Evento\DVD-1-VTS_01_4 ID1 FRAME21 repr.jpg
TCOpm16-140_OK/DVD-1/VTS_01_4,TCOpm16-140_OK,1,VTS_01_4,1,,,219,evento-repr,..\datasets\all_datasets\dataset_registro_de_eventos\TCOpm16-140_OK\DVD-1\VTS_01_4\Tubo_Evento\DVD-1-VTS_01_4 ID1 FRAME219 repr.jpg
TCOpm16-140_OK/DVD-1/VTS_01_4,TCOpm16-140_OK,1,VTS_01_4,1,,,3,evento-repr,..\datasets\all_datasets\dataset_registro_de_eventos\TCOpm16-140_OK\DVD-1\VTS_01_4\Tubo_Evento\DVD-1-VTS_01_4 ID1 FRAME3 repr.jpg
TCOpm16-140_OK/DVD-1/VTS_01_4,TCOpm16-140_OK,1,VTS_01_4,1,,,45,evento-repr,..\datasets\all_datasets\dataset_registro_de_eventos\TCOpm16-140_OK\DVD-1\VTS_01_4\Tubo_Evento\DVD-1-VTS_01_4 ID1 FRAME45 repr.jpg
TCOpm16-140_OK/DVD-1/VTS_01_4,TCOpm16-140_OK,1,VTS_01_4,1,,,63,evento-repr,..\datasets\all_datasets\dataset_registro_de_eventos\TCOpm16-140_OK\DVD-1\VTS_01_4\Tubo_Evento\DVD-1-VTS_01_4 ID1 FRAME63 repr.jpg
TCOpm16-140_OK/DVD-1/VTS_01_4,TCOpm16-140_OK,1,VTS_01_4,1,,,81,evento-repr,..\datasets\all_datasets\dataset_registro_de_eventos\TCOpm16-140_OK\DVD-1\VTS_01_4\Tubo_Evento\DVD-1-VTS_01_4 ID1 FRAME81 repr.jpg
TCOpm16-140_OK/DVD-1/VTS_01_4,TCOpm16-140_OK,1,VTS_01_4,1,,,87,evento-repr,..\datasets\all_datasets\dataset_registro_de_eventos\TCOpm16-140_OK\DVD-1\VTS_01_4\Tubo_Evento\DVD-1-VTS_01_4 ID1 FRAME87 repr.jpg
TCOpm16-140_OK/DVD-1/VTS_01_4,TCOpm16-140_OK,1,VTS_01_4,1,,,9,evento-repr,..\datasets\all_datasets\dataset_registro_de_eventos\TCOpm16-140_OK\DVD-1\VTS_01_4\Tubo_Evento\DVD-1-VTS_01_4 ID1 FRAME9 repr.jpg
TCOpm16-140_OK/DVD-1/VTS_01_4,TCOpm16-140_OK,1,VTS_01_4,1,,,93,evento-repr,..\datasets\all_datasets\dataset_registro_de_eventos\TCOpm16-140_OK\DVD-1\VTS_01_4\Tubo_Evento\DVD-1-VTS_01_4 ID1 FRAME93 repr.jpg
TCOpm16-140_OK/DVD-1/VTS_01_4,TCOpm16-140_OK,1,VTS_01_4,1,,,99,evento-repr,..\datasets\all_datasets\dataset_registro_de_eventos\TCOpm16-140_OK\DVD-1\VTS_01_4\Tubo_Evento\DVD-1-VTS_01_4 ID1 FRAME99 repr.jpg
TCOpm16-140_OK/DVD-1/VTS_01_4,TCOpm16-140_OK,1,VTS_01_4,2,,,1,evento-cruz,..\datasets\all_datasets\dataset_registro_de_eventos\TCOpm16-140_OK\DVD-1\VTS_01_4\Tubo_Evento\DVD-1-VTS_01_4 ID2 FRAME1 cruz.jpg
TCOpm16-140_OK/DVD-1/VTS_01_4,TCOpm16-140_OK,1,VTS_01_4,3,,,34,evento-cruz,..\datasets\all_datasets\dataset_registro_de_eventos\TCOpm16-140_OK\DVD-1\VTS_01_4\Tubo_Evento\DVD-1-VTS_01_4 ID3 FRAME34 cruz.jpg
TCOpm16-140_OK/DVD-1/VTS_01_5,TCOpm16-140_OK,1,VTS_01_5,1,,,11,evento-cruz,..\datasets\all_datasets\dataset_registro_de_eventos\TCOpm16-140_OK\DVD-1\VTS_01_5\Tubo_Evento\DVD-1-VTS_01_5 ID1 FRAME11 cruz.jpg
TCOpm16-140_OK/DVD-1/VTS_01_5,TCOpm16-140_OK,1,VTS_01_5,1,,,3,evento-cruz,..\datasets\all_datasets\dataset_registro_de_eventos\TCOpm16-140_OK\DVD-1\VTS_01_5\Tubo_Evento\DVD-1-VTS_01_5 ID1 FRAME3 cruz.jpg
TCOpm16-140_OK/DVD-1/VTS_01_5,TCOpm16-140_OK,1,VTS_01_5,1,,,34,evento-cruz,..\datasets\all_datasets\dataset_registro_de_eventos\TCOpm16-140_OK\DVD-1\VTS_01_5\Tubo_Evento\DVD-1-VTS_01_5 ID1 FRAME34 cruz.jpg
TCOpm16-140_OK/DVD-1/VTS_01_5,TCOpm16-140_OK,1,VTS_01_5,1,,,64,evento-cruz,..\datasets\all_datasets\dataset_registro_de_eventos\TCOpm16-140_OK\DVD-1\VTS_01_5\Tubo_Evento\DVD-1-VTS_01_5 ID1 FRAME64 cruz.jpg
TCOpm16-140_OK/DVD-1/VTS_01_5,TCOpm16-140_OK,1,VTS_01_5,2,,,14,evento-cruz,..\datasets\all_datasets\dataset_registro_de_eventos\TCOpm16-140_OK\DVD-1\VTS_01_5\Tubo_Evento\DVD-1-VTS_01_5 ID2 FRAME14 cruz.jpg
TCOpm16-140_OK/DVD-1/VTS_01_5,TCOpm16-140_OK,1,VTS_01_5,2,,,2,evento-cruz,..\datasets\all_datasets\dataset_registro_de_eventos\TCOpm16-140_OK\DVD-1\VTS_01_5\Tubo_Evento\DVD-1-VTS_01_5 ID2 FRAME2 cruz.jpg
TCOpm16-140_OK/DVD-1/VTS_01_5,TCOpm16-140_OK,1,VTS_01_5,2,,,26,evento-cruz,..\datasets\all_datasets\dataset_registro_de_eventos\TCOpm16-140_OK\DVD-1\VTS_01_5\Tubo_Evento\DVD-1-VTS_01_5 ID2 FRAME26 cruz.jpg
TVILL16-054_OK/DVD-2/Dive 420 16-02-25 01.32.35_C1,TVILL16-054_OK,2,Dive 420 16-02-25 01.32.35_C1,1,,,27,evento-repr,..\datasets\all_datasets\dataset_registro_de_eventos\TVILL16-054_OK\DVD-2\Dive 420 16-02-25 01.32.35_C1\Tubo_Evento\DVD-2-Dive 420 16-02-25 01.32.35_C1 ID1 FRAME27 repr.jpg
TVILL16-054_OK/DVD-2/Dive 420 16-02-25 01.32.35_C1,TVILL16-054_OK,2,Dive 420 16-02-25 01.32.35_C1,1,,,3,evento-repr,..\datasets\all_datasets\dataset_registro_de_eventos\TVILL16-054_OK\DVD-2\Dive 420 16-02-25 01.32.35_C1\Tubo_Evento\DVD-2-Dive 420 16-02-25 01.32.35_C1 ID1 FRAME3 repr.jpg
TVILL16-054_OK/DVD-2/Dive 420 16-02-25 01.32.35_C1,TVILL16-054_OK,2,Dive 420 16-02-25 01.32.35_C1,1,,,39,evento-repr,..\datasets\all_datasets\dataset_registro_de_eventos\TVILL16-054_OK\DVD-2\Dive 420 16-02-25 01.32.35_C1\Tubo_Evento\DVD-2-Dive 420 16-02-25 01.32.35_C1 ID1 FRAME39 repr.jpg
TVILL16-054_OK/DVD-2/Dive 420 16-02-25 01.32.35_C1,TVILL16-054_OK,2,Dive 420 16-02-25 01.32.35_C1,1,,,51,evento-repr,..\datasets\all_datasets\dataset_registro_de_eventos\TVILL16-054_OK\DVD-2\Dive 420 16-02-25 01.32.35_C1\Tubo_Evento\DVD-2-Dive 420 16-02-25 01.32.35_C1 ID1 FRAME51 repr.jpg
TVILL16-054_OK/DVD-2/Dive 420 16-02-25 01.32.35_C1,TVILL16-054_OK,2,Dive 420 16-02-25 01.32.35_C1,1,,,63,evento-repr,..\datasets\all_datasets\dataset_registro_de_eventos\TVILL16-054_OK\DVD-2\Dive 420 16-02-25 01.32.35_C1\Tubo_Evento\DVD-2-Dive 420 16-02-25 01.32.35_C1 ID1 FRAME63 repr.jpg
TVILL16-054_OK/DVD-2/Dive 420 16-02-25 01.32.35_C1,TVILL16-054_OK,2,Dive 420 16-02-25 01.32.35_C1,1,,,75,evento-repr,..\datasets\all_datasets\dataset_registro_de_eventos\TVILL16-054_OK\DVD-2\Dive 420 16-02-25 01.32.35_C1\Tubo_Evento\DVD-2-Dive 420 16-02-25 01.32.35_C1 ID1 FRAME75 repr.jpg
TVILL16-054_OK/DVD-2/Dive 420 16-02-25 01.32.35_C1,TVILL16-054_OK,2,Dive 420 16-02-25 01.32.35_C1,1,,,9,evento-repr,..\datasets\all_datasets\dataset_registro_de_eventos\TVILL16-054_OK\DVD-2\Dive 420 16-02-25 01.32.35_C1\Tubo_Evento\DVD-2-Dive 420 16-02-25 01.32.35_C1 ID1 FRAME9 repr.jpg
TVILL16-054_OK/DVD-2/Dive 420 16-02-25 01.32.35_C1,TVILL16-054_OK,2,Dive 420 16-02-25 01.32.35_C1,1,,,99,evento-repr,..\datasets\all_datasets\dataset_registro_de_eventos\TVILL16-054_OK\DVD-2\Dive 420 16-02-25 01.32.35_C1\Tubo_Evento\DVD-2-Dive 420 16-02-25 01.32.35_C1 ID1 FRAME99 repr.jpg
TVILL16-054_OK/DVD-2/Dive 420 16-02-25 02.02.35_C1,TVILL16-054_OK,2,Dive 420 16-02-25 02.02.35_C1,1,,,15,evento-repr,..\datasets\all_datasets\dataset_registro_de_eventos\TVILL16-054_OK\DVD-2\Dive 420 16-02-25 02.02.35_C1\Tubo_Evento\DVD-2-Dive 420 16-02-25 02.02.35_C1 ID1 FRAME15 repr.jpg
TVILL16-054_OK/DVD-2/Dive 420 16-02-25 02.02.35_C1,TVILL16-054_OK,2,Dive 420 16-02-25 02.02.35_C1,1,,,21,evento-repr,..\datasets\all_datasets\dataset_registro_de_eventos\TVILL16-054_OK\DVD-2\Dive 420 16-02-25 02.02.35_C1\Tubo_Evento\DVD-2-Dive 420 16-02-25 02.02.35_C1 ID1 FRAME21 repr.jpg
TVILL16-054_OK/DVD-2/Dive 420 16-02-25 02.02.35_C1,TVILL16-054_OK,2,Dive 420 16-02-25 02.02.35_C1,1,,,27,evento-repr,..\datasets\all_datasets\dataset_registro_de_eventos\TVILL16-054_OK\DVD-2\Dive 420 16-02-25 02.02.35_C1\Tubo_Evento\DVD-2-Dive 420 16-02-25 02.02.35_C1 ID1 FRAME27 repr.jpg
TVILL16-054_OK/DVD-2/Dive 420 16-02-25 02.02.35_C1,TVILL16-054_OK,2,Dive 420 16-02-25 02.02.35_C1,1,,,3,evento-repr,..\datasets\all_datasets\dataset_registro_de_eventos\TVILL16-054_OK\DVD-2\Dive 420 16-02-25 02.02.35_C1\Tubo_Evento\DVD-2-Dive 420 16-02-25 02.02.35_C1 ID1 FRAME3 repr.jpg
TVILL16-054_OK/DVD-2/Dive 420 16-02-25 02.02.35_C1,TVILL16-054_OK,2,Dive 420 16-02-25 02.02.35_C1,1,,,35,evento-repr,..\datasets\all_datasets\dataset_registro_de_eventos\TVILL16-054_OK\DVD-2\Dive 420 16-02-25 02.02.35_C1\Tubo_Evento\DVD-2-Dive 420 16-02-25 02.02.35_C1 ID1 FRAME35 repr.jpg
TVILL16-054_OK/DVD-2/Dive 420 16-02-25 02.02.35_C1,TVILL16-054_OK,2,Dive 420 16-02-25 02.02.35_C1,1,,,51,evento-repr,..\datasets\all_datasets\dataset_registro_de_eventos\TVILL16-054_OK\DVD-2\Dive 420 16-02-25 02.02.35_C1\Tubo_Evento\DVD-2-Dive 420 16-02-25 02.02.35_C1 ID1 FRAME51 repr.jpg
TVILL16-054_OK/DVD-2/Dive 420 16-02-25 02.02.35_C1,TVILL16-054_OK,2,Dive 420 16-02-25 02.02.35_C1,1,,,57,evento-repr,..\datasets\all_datasets\dataset_registro_de_eventos\TVILL16-054_OK\DVD-2\Dive 420 16-02-25 02.02.35_C1\Tubo_Evento\DVD-2-Dive 420 16-02-25 02.02.35_C1 ID1 FRAME57 repr.jpg
TVILL16-054_OK/DVD-2/Dive 420 16-02-25 02.02.35_C1,TVILL16-054_OK,2,Dive 420 16-02-25 02.02.35_C1,1,,,9,evento-repr,..\datasets\all_datasets\dataset_registro_de_eventos\TVILL16-054_OK\DVD-2\Dive 420 16-02-25 02.02.35_C1\Tubo_Evento\DVD-2-Dive 420 16-02-25 02.02.35_C1 ID1 FRAME9 repr.jpg
